<?xml version="1.0" encoding="utf-8"?>
<odoo>
   <data>
      <template id="pappaya_registration_page" name="Registration Page">
         <t t-call="web.layout">
            <link href="https://stackpath.bootstrapcdn.com/bootstrap/4.3.1/css/bootstrap.min.css" rel="stylesheet" integrity="sha384-ggOyR0iXCbMQv3Xipma34MD+dH/1fQ784/j6cY/iJTQUOhcWr7x9JvoRxT2MZw1T" crossorigin="anonymous" />
            <link type="text/css" rel="stylesheet" href="https://cdnjs.cloudflare.com/ajax/libs/intl-tel-input/6.4.1/css/intlTelInput.css" />
            <link href="/pappayalite_backend/static/src/css/css-assets.css" rel="stylesheet" />
            <link href="/pappayalite_backend/static/src/css/style.css" rel="stylesheet" />
            <link href="/pappayalite_backend/static/src/css/updates.css" rel="stylesheet" />
            <link href="https://use.fontawesome.com/releases/v5.3.1/css/v4-shims.css" rel="stylesheet" />
            <link href="https://fonts.googleapis.com/css?family=Montserrat:400,400i,600,600i" rel="stylesheet" />
            <link href="https://fonts.googleapis.com/css?family=Open+Sans:400,400i,700i,700" rel="stylesheet" />

            <!-- Favicon
            ============================================= -->
            <link rel="shortcut icon" href="/pappayalite_backend/static/src/img/general-elements/favicon/favicon.png" />
            <div class="layout-2">

            <div id="scroll-progress"><div class="scroll-progress"><span class="scroll-percent"></span></div></div>

            <!-- Document Full Container
            ============================================= -->
            <div id="full-container">

                <!-- Banner
                ============================================= -->
                <section id="banner">

                    <div class="banner-parallax" data-banner-height="720">
                        <img src="/pappayalite_backend/static/src/img/files/parallax-bg/img-3.jpg" alt="" style="position: absolute"/>
                        <div class="overlay-colored color-bg-white opacity-90"></div><!-- .overlay-colored end -->
                        <div class="slide-content">

                            <div class="container">
                                <div class="row">
                                    <div class="col-md-12">

                                        <div class="banner-center-box text-center">
                                            <a href="https://pappaya.education/">
                                                <img class="banner-logo" src="/pappayalite_backend/static/src/img/files/logo-header.png" alt=""/>
                                            </a>
                                            <h1>
                                                Award winning ERP for schools
                                            </h1>
                                            <div class="description">In association with</div>
                                            <!-- <a href="https://pappaya.education/">
                                                <img class="banner-logo" src="/pappayalite_backend/static/src/img/files/logo-header.png" alt=""/>
                                            </a> -->
                                            
                                            <img class="banner-logo-pappaya" src="/pappayalite_backend/static/src/img/files/nisa.png" alt=""/>
                                            <div class="description">
                                                Trusted by over 60,000 schools worldwide and now available to NISA schools for free. Register your interest below and our team will get in touch with you.
                                            </div>
                                        </div><!-- .banner-center-box end -->

                                    </div><!-- .col-md-12 end -->
                                </div><!-- .row end -->
                            </div><!-- .container end -->

                        </div><!-- .slide-content end -->
                    </div><!-- .banner-parallax end -->

                </section><!-- #banner end -->

                <!-- Content
                ============================================= -->
                <section id="content">

                    <div id="content-wrap">

                        <!-- === Intro Features =========== -->
                        <div id="intro-features" class="flat-section">

                            <div class="section-content">

                                <div class="container">
                                    <div class="row">
                                        <div class="col-md-3 col-sm-6">

                                            <div class="row">
                                                <div class="col-md-12">
                                                
                                                    <div class="box-info box-info-1 text-center mb-50">
                                                        <!-- <img class="arrow right-top" src="images/files/box-info-1/arrow-right-top.png" alt=""> -->
                                                        <div class="box-icon icon"><i class="fa fa-eye"></i></div>
                                                        <div class="box-content">
                                                            <h5>Better Insight</h5>
                                                            <p>Understand how your Advertisement is performing through the dashboard.</p>
                                                        </div><!-- .box-content end -->
                                                    </div><!-- .box-info end -->                                            
                                                
                                                </div><!-- .col-sm-6 end -->
                                                <div class="col-md-12">
                                                
                                                    <div class="box-info box-info-1 text-center mb-50">
                                                        <!-- <img class="arrow right-top" src="images/files/box-info-1/arrow-right-top.png" alt=""> -->
                                                        <div class="box-icon icon"><i class="fa fa-random"></i></div>
                                                        <div class="box-content">
                                                            <h5>Better Connection</h5>
                                                            <p>Connect with students and parents effectively.</p>
                                                        </div><!-- .box-content end -->
                                                    </div><!-- .box-info end -->                                            
                                                
                                                </div><!-- .col-sm-6 end -->
                                            </div><!-- .row end -->
                                        
                                            <img class="arrow bottom-right" src="/pappayalite_backend/static/src/img/general-elements/arrow-bottom-right.png" alt=""/>
                                        
                                        </div><!-- .col-md-3 end -->
                                        <div class="col-md-3 col-sm-6 col-md-push-6">

                                            <div class="row">
                                                <div class="col-md-12">

                                                    <div class="box-info box-info-1 text-center mb-50">
                                                        <!-- <img class="arrow right-top" src="images/files/box-info-1/arrow-right-top.png" alt=""> -->
                                                        <div class="box-icon icon"><i class="fa fa-piggy-bank"></i></div>
                                                        <div class="box-content">
                                                            <h5>Save Money</h5>
                                                            <p>Understand your finance better and control spending.</p>
                                                        </div><!-- .box-content end -->
                                                    </div><!-- .box-info end -->

                                                </div><!-- .col-md-12 end -->
                                                <div class="col-md-12">

                                                    <div class="box-info box-info-1 text-center mb-50">
                                                        <!-- <img class="arrow right-top" src="images/files/box-info-1/arrow-right-top.png" alt=""> -->
                                                        <div class="box-icon icon"><i class="fa fa-seedling"></i></div>
                                                        <div class="box-content">
                                                            <h5>Grow faster</h5>
                                                            <p>Setup the right platform for growth.</p>
                                                        </div><!-- .box-content end -->
                                                    </div><!-- .box-info end -->

                                                </div><!-- .col-md-12 end -->
                                            </div><!-- .row end -->

                                            <img class="arrow bottom-left" src="/pappayalite_backend/static/src/img/general-elements/arrow-bottom-left.png" alt="" />
                                        
                                        </div><!-- .col-md-3 end -->
                                        <div class="col-md-6 col-md-pull-3 text-center">
                                        
                                            <div class="cta-subscribe cta-subscribe-2 box-form" id="main-form">
                                                <div class="box-title">
                                                    <h3 class="title">Get free access to ERP</h3>
                                                    <p>Fill in all the details</p>
                                                </div><!-- end .box-title -->
                                                <div class="box-content">
                                                    <form name="myForm" action="/registration_save" id="registration" method="post">
                                                        <input type="hidden" name="csrf_token" t-att-value="request.csrf_token()" />
                                                        <div class="cs-notifications">
                                                            <div class="cs-notifications-content"></div>
                                                        </div><!-- .cs-notifications end -->
                                                        <div class="form-group">
                                                            <label for="mce-FNAME">First Name</label>
                                                            <input type="text" t-att-value="first_name" id="mce-FNAME" name="first_name" class="form-control" placeholder="Ex : Joaquin" required='True' onkeypress="return (event.charCode > 64 &amp;&amp; event.charCode &lt; 91) || (event.charCode > 96 &amp;&amp; event.charCode &lt; 123) || (event.charCode==32)"/>
                                                        </div><!-- .form-group end -->
                                                        <div class="form-group">
                                                            <label for="mce-LNAME">Last Name</label>
                                                            <input type="text" t-att-value="last_name" id="mce-LNAME" name="last_name" class="form-control" placeholder="Ex : Phoenix" required='True' onkeypress="return (event.charCode > 64 &amp;&amp; event.charCode &lt; 91) || (event.charCode > 96 &amp;&amp; event.charCode &lt; 123) || (event.charCode==32)"/>
                                                        </div><!-- .form-group end -->
                                                            <div class="form-group">
                                                                <label for="mce-EMAIL">Email</label>
                                                                <input type="email" t-att-value="email" name="email" id="mce-EMAIL" class="form-control" placeholder="Ex : noreply@gmail.com" pattern="[a-z0-9._%+-]+@[a-z0-9.-]+\.[a-z]{2,4}$" title="Invalid email"/>
                                                            </div><!-- .form-group end -->
                                                        <div class="form-group">
                                                            <label for="mce-PHONE">Phone Number</label>

                                                            <input id="mce-PHONE" type="tel"  t-att-value="phone" name="phone" class="form-control" required='True' minlength="11" maxlength="11"/>

                                                            <span id="error-msg" class="hide pull-left text-danger h6 w-100 text-left">Invalid phone number</span>
                                                        </div><!-- .form-group end -->
                                                        <div class="form-group">
                                                            <label for="user_pwd">Password</label>
                                                            <input type="password" t-att-value="password" name="password" id="user_pwd" class="form-control" required='True' placeholder="Ex : nisa@123" />
                                                            <i class="fa fa-eye-slash viewpwd"/>
                                                            <i class="fa fa-eye hidepwd" style="display:none"/>
                                                        </div><!-- .form-group end -->
                                                        <div class="form-group">
                                                            <label for="mce-SCHOOL">School Name</label>
                                                            <input type="text" t-att-value="school_name" name="school_name" class="form-control" id="mce-SCHOOL" placeholder="Ex : Nisa" required='True' />
                                                        </div><!-- .form-group end -->
                                                        <div class="form-group">
                                                            <label for="mce-Address">Address Search</label>
                                                            <div id="locationField">
                                                                <input id="mce-Address" t-att-value="address" name="address" placeholder="Enter your address" type="text" class="form-control"/>
                                                                <i class="fa fa-map-marker map-marker"/>
                                                            </div>
                                                        </div><!-- .form-group end -->

                                                        <div id="address" class="form-group" style="display:none">
                                                            <div class="form-group">
                                                                <label for="street_number">Address 1</label>
                                                                <input type="text" class="field form-control" id="street_number" name="street_number"/>
                                                                <!-- <input type="text" class="field form-control" id="route"/> -->
                                                            </div>
                                                            <div class="form-group">
                                                                <label for="route">Address2</label>
                                                                <input type="text" class="field form-control" id="route" name="route"/>
                                                            </div>
                                                            <div class="form-group">
                                                                <label for="locality">City</label>
                                                                <input type="text" class="field form-control" id="locality" name="locality"/>
                                                            </div>
                                                            <div class="form-group">
                                                                <label for="administrative_area_level_1">State</label>
                                                                <input type="text" class="field form-control" id="administrative_area_level_1" name="administrative_area_level_1"/>
                                                            </div>
                                                            <div class="form-group">
                                                                <label for="postal_code">Pin Code</label>
                                                                <input type="text" class="field form-control mce-Zip" id="postal_code" name="postal_code" maxlength="6"/>
                                                            </div>
                                                            <div class="form-group">
                                                                <label for="country">Country</label>
                                                                <input type="text" class="field form-control" id="country" name="country" />
                                                            </div>
                                                        </div>

                                                        <div class="form-group">
                                                            <div style="align-items:center; display:flex; justify-content:center;" class="form-group g-recaptcha" t-att-data-sitekey="recaptcha_site_key" data-callback="recaptchaCallback"></div>
                                                        </div>

                                                        <div class="form-group col-md-12 mb-5 p-0 mt-5">
                                                            <input class="btn btn-primary submit_btn mx-auto" type="submit" value="SUBMIT"/>
                                                        </div>
                                                    </form><!-- #form-cta-subscribe-2 end -->
                                                </div><!-- .box-content end -->
                                            </div><!-- .box-form end -->
                                        
                                        </div><!-- .col-md-6 end -->

                                        <div class="divider-80"></div>

                                        <div class="col-md-12">
                                        
                                            <p class="font-size-18px mb-20 text-center mt-5 pt-5">
                                                Trusted by the top schools
                                            </p>
                                            <div class="slider-clients text-center">
                                                <img src="/pappayalite_backend/static/src/img/files/sliders/clients/gems.png" alt="" width="140"/>
                                                <img src="/pappayalite_backend/static/src/img/files/sliders/clients/dream_india.png" alt="" width="140"/>
                                                <img src="/pappayalite_backend/static/src/img/files/sliders/clients/christ.png" alt="" width="140"/>
                                                <img src="/pappayalite_backend/static/src/img/files/sliders/clients/narayana.png" alt="" width="140"/>
                                                <img src="/pappayalite_backend/static/src/img/files/sliders/clients/ryan.png" alt="" width="140"/>
                                            </div><!-- .slider-clients end -->
                                        </div><!-- .col-md-12 end -->
                                    </div><!-- .row end -->
                                </div><!-- .container end -->

                            </div><!-- .section-content end -->

                        </div><!-- .flat-section end -->

                        <!-- === Features =========== -->
                        <div class="parallax-section text-white">

                            <img src="/pappayalite_backend/static/src/img/files/parallax-bg/img-2.jpg" alt="" style="position: absolute"/>
                            <div class="overlay-colored color-bg-gradient opacity-90"></div><!-- .overlay-colored end -->
                            <div class="section-content">

                                <div class="container">
                                    <div class="row">
                                        <div class="col-md-12 text-center">

                                            <div class="section-title text-center">
                                                <h2>Our Popular Modules</h2>
                                                <p>Pappaya ERP has lots of features that help schools to power through their day to day operations. Some of highlights are presented below.</p>
                                            </div>


                                            <div class="col-md-4 col-sm-6">

                                                <div class="row">
                                                    <div class="col-md-12">
                                                    
                                                        <div class="box-info box-info-1 text-center mb-50">
                                                            <!-- <img class="arrow right-top" src="images/files/box-info-1/arrow-right-top.png" alt=""> -->
                                                            <div class="box-icon icon"><i class="fa fa-door-open"></i></div>
                                                            <div class="box-content">
                                                                <h5>Admissions</h5>
                                                                <p>Manage all aspects of admissions right from application to class room.</p>
                                                            </div><!-- .box-content end -->
                                                        </div><!-- .box-info end -->                                            
                                                    
                                                    </div><!-- .col-sm-6 end -->
                                                    <div class="col-md-12">
                                                    
                                                        <div class="box-info box-info-1 text-center mb-md-50">
                                                            <!-- <img class="arrow right-top" src="images/files/box-info-1/arrow-right-top.png" alt=""> -->
                                                            <div class="box-icon icon"><i class="fa fa-users"></i></div>
                                                            <div class="box-content">
                                                                <h5>Human Resource</h5>
                                                                <p>Manage courses, exams and all aspects of academics in one place.</p>
                                                            </div><!-- .box-content end -->
                                                        </div><!-- .box-info end -->                                            
                                                    
                                                    </div><!-- .col-sm-6 end -->
                                                </div><!-- .row end -->
                                                                            
                                            </div><!-- .col-md-4 end -->
                                            <div class="col-md-4 col-sm-6">

                                                <div class="row">
                                                    <div class="col-md-12">

                                                        <div class="box-info box-info-1 text-center mb-50">
                                                            <!-- <img class="arrow right-top" src="images/files/box-info-1/arrow-right-top.png" alt=""> -->
                                                            <div class="box-icon icon"><i class="fa fa-book"></i></div>
                                                            <div class="box-content">
                                                                <h5>Academics</h5>
                                                                <p>This should be used to tell your users a story about your service.</p>
                                                            </div><!-- .box-content end -->
                                                        </div><!-- .box-info end -->

                                                    </div><!-- .col-md-12 end -->
                                                    <div class="col-md-12">

                                                        <div class="box-info box-info-1 text-center mb-md-50">
                                                            <!-- <img class="arrow right-top" src="images/files/box-info-1/arrow-right-top.png" alt=""> -->
                                                            <div class="box-icon icon"><i class="fa fa-building"></i></div>
                                                            <div class="box-content">
                                                                <h5>Facility Management</h5>
                                                                <p>Manage the school infrastructure right from inventory to maintenance.</p>
                                                            </div><!-- .box-content end -->
                                                        </div><!-- .box-info end -->

                                                    </div><!-- .col-md-12 end -->
                                                </div><!-- .row end -->
                                            
                                            </div><!-- .col-md-4 end -->
                                            <div class="col-md-4 col-sm-12">

                                                <div class="row">
                                                    <div class="col-md-12 col-sm-6">

                                                        <div class="box-info box-info-1 text-center mb-50">
                                                            <!-- <img class="arrow right-top" src="images/files/box-info-1/arrow-right-top.png" alt=""> -->
                                                            <div class="box-icon icon"><i class="fa fa-file-invoice-dollar"></i></div>
                                                            <div class="box-content">
                                                                <h5>Accounting</h5>
                                                                <p>This should be used to tell your users a story about your service.</p>
                                                            </div><!-- .box-content end -->
                                                        </div><!-- .box-info end -->

                                                    </div><!-- .col-md-12 end -->
                                                    <div class="col-md-12 col-sm-6">

                                                        <div class="box-info box-info-1 text-center">
                                                            <!-- <img class="arrow right-top" src="images/files/box-info-1/arrow-right-top.png" alt=""> -->
                                                            <div class="box-icon icon"><i class="fa fa-chart-pie"></i></div>
                                                            <div class="box-content">
                                                                <h5>Dashboard</h5>
                                                                <p>View the schools performance through informative dashboards and reports.</p>
                                                            </div><!-- .box-content end -->
                                                        </div><!-- .box-info end -->

                                                    </div><!-- .col-md-12 end -->
                                                </div><!-- .row end -->
                                            
                                            </div><!-- .col-md-4 end -->

                                        </div><!-- .col-md-12 end -->
                                    </div><!-- .row end -->
                                </div><!-- .container end -->

                            </div><!-- .section-content end -->

                        </div><!-- .parallax-section end -->

                        <!-- === CTA Title 1 =========== -->
                        <div id="cta-title-1" class="flat-section">

                            <div class="section-content">

                                <div class="container">
                                    <div class="row">
                                        <div class="col-md-12 text-center">

                                            
                                            <h1>Get in touch Now! Don’t miss the <span class="colored">Special Offer</span></h1>
                                            <p>
                                                Register your interest to get access to the Pappaya school ERP. This will be completely free to use for all school staff, students or any other members.
                                            </p>
                                            <a class="btn scroll-to x-large colorful hover-colorful-darken mt-40" href="#main-form">Express Interest Now</a>

                                        </div><!-- .col-md-12 end -->
                                    </div><!-- .row end -->
                                </div><!-- .container end -->

                            </div><!-- .section-content end -->

                        </div><!-- .flat-section end -->

                    </div><!-- #content-wrap -->

                </section><!-- #content end -->

                <!-- Footer
                ============================================= -->
                <footer id="footer">

                    <div id="footer-bar-1" class="footer-bar">

                        <div class="footer-bar-wrap">

                            <div class="container">
                                <div class="row">
                                    <div class="col-md-12">

                                        <div class="fb-row">
                                            <div class="copyrights-message">2021 © <a href="https://pappaya.education/"><span class="colored">Pappaya</span></a>. All Rights Reserved.</div>
                                        </div><!-- .fb-row end -->

                                    </div><!-- .col-md-12 end -->
                                </div><!-- .row end -->
                            </div><!-- .container end -->

                        </div><!-- .footer-bar-wrap -->

                    </div><!-- #footer-bar-1 end -->

                </footer><!-- #footer end -->

            </div><!-- #full-container end -->

            <a class="scroll-top-icon scroll-top" href="#"><i class="fa fa-angle-up"></i></a>

            <!-- External JavaScripts
            ============================================= -->
            <script src="/pappayalite_backend/static/src/js/jquery.js"></script>
            <script src="/pappayalite_backend/static/src/js/jRespond.min.js"></script>
            <script src="/pappayalite_backend/static/src/js/jquery.easing.min.js"></script>
            <script src="/pappayalite_backend/static/src/js/jquery.stellar.js"></script>
            <script src="/pappayalite_backend/static/src/js/jquery.validate.min.js"></script>
            <script src="/pappayalite_backend/static/src/js/simple-scrollbar.min.js"></script>
            <!-- <script src="https://cdnimages.myclassboard.com/material-assets/js/sweetalert.min.js"></script> -->
            <script src='https://www.google.com/recaptcha/api.js'></script>
            <script src='https://cdnjs.cloudflare.com/ajax/libs/intl-tel-input/6.4.1/js/intlTelInput.min.js'></script>
            <script src="https://maps.googleapis.com/maps/api/js?key=AIzaSyB-q6VCcrS7or3ounmrOddvPCHpJQpJZ6M&amp;libraries=places"></script>
            <script src="/pappayalite_backend/static/src/js/functions.js" />
            <!-- <script src='/pappayalite_backend/static/src/js/validation.js'></script> -->
        </div>
         </t>
      </template>

      <template id="pappaya_advertiser_registration_page" name="Advertiser Registration Page">
         <t t-call="web.layout">
            <link href="https://stackpath.bootstrapcdn.com/bootstrap/4.3.1/css/bootstrap.min.css" rel="stylesheet" integrity="sha384-ggOyR0iXCbMQv3Xipma34MD+dH/1fQ784/j6cY/iJTQUOhcWr7x9JvoRxT2MZw1T" crossorigin="anonymous" />
            <link type="text/css" rel="stylesheet" href="https://cdnjs.cloudflare.com/ajax/libs/intl-tel-input/6.4.1/css/intlTelInput.css" />
            <link href="/pappayalite_crm/static/src/css/css-assets.css" rel="stylesheet" />
            <link href="/pappayalite_crm/static/src/css/style.css" rel="stylesheet" />
            <link href="/pappayalite_crm/static/src/css/updates.css" rel="stylesheet" />
            <link href="https://use.fontawesome.com/releases/v5.3.1/css/v4-shims.css" rel="stylesheet" />
            <link href="https://fonts.googleapis.com/css?family=Montserrat:400,400i,600,600i" rel="stylesheet" />
            <link href="https://fonts.googleapis.com/css?family=Open+Sans:400,400i,700i,700" rel="stylesheet" />
             <script src="//ajax.googleapis.com/ajax/libs/jquery/1.9.1/jquery.min.js"/>

            <!-- Favicon
            ============================================= -->
            <link rel="shortcut icon" href="/pappayalite_crm/static/src/img/general-elements/favicon/favicon.png" />
            <div class="layout-2">
                <div id="scroll-progress"><div class="scroll-progress"><span class="scroll-percent"></span></div></div>

                <!-- Document Full Container
                ============================================= -->
                <div id="full-container">

                    <!-- Banner
                    ============================================= -->
                    <section id="banner">

                        <div class="banner-parallax" data-banner-height="720">
                            <img src="/pappayalite_crm/static/src/img/files/parallax-bg/img-3.jpg" alt="" style="position: absolute"/>
                            <div class="overlay-colored color-bg-white opacity-90"></div><!-- .overlay-colored end -->
                            <div class="slide-content">

                                <div class="container">
                                    <div class="row">
                                        <div class="col-md-12">

                                            <div class="banner-center-box text-center">
                                                <img class="banner-logo" src="/pappayalite_backend/static/src/img/pappayalite-logo.png" alt=""/>
                                                <h1>
                                                    Advertiser Registration for Pappaya LITE CRM
                                                </h1>
                                                <div class="description">
                                                    Onbording the advertisement in google ad manager through the ERP.
                                                </div>
                                            </div><!-- .banner-center-box end -->

                                        </div><!-- .col-md-12 end -->
                                    </div><!-- .row end -->
                                </div><!-- .container end -->

                            </div><!-- .slide-content end -->
                        </div><!-- .banner-parallax end -->

                    </section><!-- #banner end -->

                    <!-- Content
                    ============================================= -->
                    <section id="content">

                        <div id="content-wrap">

                            <!-- === Intro Features =========== -->
                            <div id="intro-features" class="flat-section">

                                <div class="section-content">

                                    <div class="container">
                                        <div class="row">
                                            <div class="col-md-3 col-sm-6">

                                                <div class="row">
                                                    <div class="col-md-12">
                                                    
                                                        <div class="box-info box-info-1 text-center mb-50">
                                                            <!-- <img class="arrow right-top" src="images/files/box-info-1/arrow-right-top.png" alt=""> -->
                                                            <div class="box-icon icon"><i class="fa fa-eye"></i></div>
                                                            <div class="box-content">
                                                                <h5>Better Insight</h5>
                                                                <p>Understand how your Advertisement is performing through the dashboard.</p>
                                                            </div><!-- .box-content end -->
                                                        </div><!-- .box-info end -->                                            
                                                    
                                                    </div><!-- .col-sm-6 end -->
                                                    <div class="col-md-12">
                                                    
                                                        <div class="box-info box-info-1 text-center mb-50">
                                                            <!-- <img class="arrow right-top" src="images/files/box-info-1/arrow-right-top.png" alt=""> -->
                                                            <div class="box-icon icon"><i class="fa fa-random"></i></div>
                                                            <div class="box-content">
                                                                <h5>Better Connection</h5>
                                                                <p>Connect with advertiser and ad manager effectively.</p>
                                                            </div><!-- .box-content end -->
                                                        </div><!-- .box-info end -->                                            
                                                    
                                                    </div><!-- .col-sm-6 end -->
                                                </div><!-- .row end -->
                                            
                                                <img class="arrow bottom-right" src="/pappayalite_crm/static/src/img/general-elements/arrow-bottom-right.png" alt=""/>
                                            
                                            </div><!-- .col-md-3 end -->
                                            <div class="col-md-3 col-sm-6 col-md-push-6">

                                                <div class="row">
                                                    <div class="col-md-12">

                                                        <div class="box-info box-info-1 text-center mb-50">
                                                            <!-- <img class="arrow right-top" src="images/files/box-info-1/arrow-right-top.png" alt=""> -->
                                                            <div class="box-icon icon"><i class="fa fa-piggy-bank"></i></div>
                                                            <div class="box-content">
                                                                <h5>Save Money</h5>
                                                                <p>Understand your finance better and control spending.</p>
                                                            </div><!-- .box-content end -->
                                                        </div><!-- .box-info end -->

                                                    </div><!-- .col-md-12 end -->
                                                    <div class="col-md-12">

                                                        <div class="box-info box-info-1 text-center mb-50">
                                                            <!-- <img class="arrow right-top" src="images/files/box-info-1/arrow-right-top.png" alt=""> -->
                                                            <div class="box-icon icon"><i class="fa fa-seedling"></i></div>
                                                            <div class="box-content">
                                                                <h5>Grow faster</h5>
                                                                <p>Setup the right platform for growth.</p>
                                                            </div><!-- .box-content end -->
                                                        </div><!-- .box-info end -->

                                                    </div><!-- .col-md-12 end -->
                                                </div><!-- .row end -->

                                                <img class="arrow bottom-left" src="/pappayalite_crm/static/src/img/general-elements/arrow-bottom-left.png" alt="" />
                                            
                                            </div><!-- .col-md-3 end -->
                                            <div class="col-md-6 col-md-pull-3 text-center">
                                            
                                                <div class="cta-subscribe cta-subscribe-2 box-form" id="main-form">
                                                    <div class="box-title">
<!--                                                        <h3 class="title">Get free access to ERP</h3>-->
                                                        <h3 class="title">Fill in all the details</h3>
                                                    </div><!-- end .box-title -->
                                                    <div class="box-content">
                                                        <form name="myForm" action="/advertiser_registration_save" id="registration" method="post">
                                                            <input type="hidden" name="csrf_token" t-att-value="request.csrf_token()" />
                                                            <div class="cs-notifications">
                                                                <div class="cs-notifications-content"></div>
                                                            </div><!-- .cs-notifications end -->
                                                            <div class="form-group hidden">
                                                                <label for="mce-TYPE">User Type</label>
                                                                <select class="form-control" name="type">
                                                                    <option t-attf-value='customer'>Customer</option>
                                                                    <option t-attf-value='other'>Other</option>
                                                                </select>
                                                            </div>
                                                            <div class="form-group">
                                                                <label for="mce-FNAME">First Name</label>
                                                                <input type="text" t-att-value="first_name" id="mce-FNAME" name="first_name" class="form-control" placeholder="Ex : Joaquin" required='True' />
                                                            </div><!-- .form-group end -->
                                                            <div class="form-group">
                                                                <label for="mce-LNAME">Last Name</label>
                                                                <input type="text" t-att-value="last_name" id="mce-LNAME" name="last_name" class="form-control" placeholder="Ex : Phoenix" required='True' />
                                                            </div><!-- .form-group end -->
                                                            <div class="form-group">
                                                                <label for="mce-EMAIL">Email</label>
                                                                <input type="email" t-att-value="email" name="email" id="mce-EMAIL" class="form-control" placeholder="Ex : noreply@gmail.com" />
                                                            </div><!-- .form-group end -->
                                                            <div class="form-group">
                                                                <label for="mce-COMPANY">Company Name</label>
                                                                <input type="text" t-att-value="ad_compnay_name" name="ad_compnay_name" class="form-control" id="mce-COMPANY" placeholder="Ex: Nisa" required='True'/>
                                                            </div>
                                                            <div class="form-group">
                                                                <label for="mce-PHONE">Phone Number</label>
                                                                <input id="mce-PHONE" type="tel"  t-att-value="phone" name="phone" class="form-control" required='True'/>
                                                                <span id="error-msg" class="hide pull-left text-danger h6 w-100 text-left">Invalid phone number</span>
                                                            </div><!-- .form-group end -->
                                                            <div class="form-group">
                                                                <label for="user_pwd">Password</label>
                                                                <input type="password" t-att-value="password" name="password" id="user_pwd" class="form-control" required='True' placeholder="Ex : nisa@123" />
                                                                <i class="fa fa-eye-slash viewpwd" id="pwdshow"/>
                                                                <i class="fa fa-eye hidepwd" id="pwdhide" style="display:none"/>
                                                            </div><!-- .form-group end -->
                                                            <div class="form-group">
                                                                <label for="mce-Address">Address Search</label>
                                                                <div id="locationField">
                                                                    <input id="mce-Address" t-att-value="address" name="address" placeholder="Enter your address" type="text" class="form-control"/>
                                                                    <i class="fa fa-map-marker map-marker"/>
                                                                </div>
                                                            </div><!-- .form-group end -->

                                                            <div id="address" class="form-group" style="display:none">
                                                                <div class="form-group">
                                                                    <label for="street_number">Address 1</label>
                                                                    <input type="text" class="field form-control" id="street_number" name="street_number"/>
                                                                    <!-- <input type="text" class="field form-control" id="route"/> -->
                                                                </div>
                                                                <div class="form-group">
                                                                    <label for="route">Address2</label>
                                                                    <input type="text" class="field form-control" id="route" name="route"/>
                                                                </div>
                                                                <div class="form-group">
                                                                    <label for="locality">City</label>
                                                                    <input type="text" class="field form-control" id="locality" name="locality"/>
                                                                </div>
                                                                <div class="form-group">
                                                                    <label for="administrative_area_level_1">State</label>
                                                                    <input type="text" class="field form-control" id="administrative_area_level_1" name="administrative_area_level_1"/>
                                                                </div>
                                                                <div class="form-group">
                                                                    <label for="postal_code">Pin Code</label>
                                                                    <input type="text" class="field form-control mce-Zip" id="postal_code" name="postal_code" maxlength="6"/>
                                                                </div>
                                                                <div class="form-group">
                                                                    <label for="country">Country</label>
                                                                    <input type="text" class="field form-control" id="country" name="country" />
                                                                </div>
                                                            </div>

                                                            <!-- <div class="form-group">
                                                                <t t-set="recaptcha_site_key" t-value="request.env['ir.config_parameter'].sudo().get_param('recaptcha_site_key')"/>
                                                                <div class="g-recaptcha" style="align-items:center; width: 100%; display:flex; justify-content:center;"
                                                                     t-att-data-sitekey="recaptcha_site_key"
                                                                     data-callback="verifyRecaptchaCallback"
                                                                     data-expired-callback="expiredRecaptchaCallback"/>
                                                                <input class="form-control d-none"
                                                                       data-recaptcha="true"/>
                                                                <div class="help-block with-errors" id="err"
                                                                     style='color: red'/>
                                                            </div> -->

                                                            <!-- <script>
                                                                $("form").submit(function(event) {
                                                                    var recaptcha = $("#g-recaptcha-response").val();
                                                                    if (recaptcha === "") {
                                                                        event.preventDefault();
                                                                        document.getElementById('err').innerHTML="Please verify Captcha";
                                                                    }
                                                                    else {
                                                                        return true;
                                                                    }
                                                                });
                                                            </script> -->

<!--                                                            <div class="form-group">-->
<!--                                                                <div style="align-items:center; display:flex; justify-content:center;" class="form-group g-recaptcha" t-att-data-sitekey="recaptcha_site_key" data-callback="recaptchaCallback"></div>-->
<!--                                                            </div>-->

                                                            <div class="form-group col-md-12 mb-5 p-0 mt-5">
                                                                <input class="btn btn-primary submit_btn mx-auto" type="submit" value="SUBMIT"/>
                                                            </div>

                                                            <script>
                                                                $('#pwdshow').click(function(){
                                                                    $('#pwdhide').show();
                                                                    $(this).hide();
                                                                    $(this).parent('.form-group').find('input').attr('type','text')
                                                                });
                                                                $('#pwdhide').click(function(){
                                                                    $('#pwdshow').show();
                                                                    $(this).hide();
                                                                    $(this).parent('.form-group').find('input').attr('type','password')
                                                                });
                                                            </script>

                                                        </form><!-- #form-cta-subscribe-2 end -->
                                                    </div><!-- .box-content end -->
                                                </div><!-- .box-form end -->
                                            
                                            </div><!-- .col-md-6 end -->

                                            <div class="divider-80"></div>

                                            <div class="col-md-12">
                                            
                                                <p class="font-size-18px mb-20 text-center mt-5 pt-5">
                                                    Trusted by the top schools
                                                </p>
                                                <div class="slider-clients text-center">
                                                    <img src="/pappayalite_crm/static/src/img/files/sliders/clients/gems.png" alt="" width="140"/>
                                                    <img src="/pappayalite_crm/static/src/img/files/sliders/clients/dream_india.png" alt="" width="140"/>
                                                    <img src="/pappayalite_crm/static/src/img/files/sliders/clients/christ.png" alt="" width="140"/>
                                                    <img src="/pappayalite_crm/static/src/img/files/sliders/clients/narayana.png" alt="" width="140"/>
                                                    <img src="/pappayalite_crm/static/src/img/files/sliders/clients/ryan.png" alt="" width="140"/>
                                                </div><!-- .slider-clients end -->
                                            </div><!-- .col-md-12 end -->
                                        </div><!-- .row end -->
                                    </div><!-- .container end -->

                                </div><!-- .section-content end -->

                            </div><!-- .flat-section end -->

                            <!-- === Features =========== -->
                            <div class="parallax-section text-white">

                                <img src="/pappayalite_crm/static/src/img/files/parallax-bg/img-2.jpg" alt="" style="position: absolute"/>
                                <div class="overlay-colored color-bg-gradient opacity-90"></div><!-- .overlay-colored end -->
                                <div class="section-content">

                                    <div class="container">
                                        <div class="row">
                                            <div class="col-md-12 text-center">

                                                <div class="section-title text-center">
                                                    <h2>Our Popular Modules</h2>
                                                    <p>Pappaya ERP has lots of features that help schools to power through their day to day operations. Some of highlights are presented below.</p>
                                                </div>


                                                <div class="col-md-4 col-sm-6">

                                                    <div class="row">
                                                        <div class="col-md-12">
                                                        
                                                            <div class="box-info box-info-1 text-center mb-50">
                                                                <!-- <img class="arrow right-top" src="images/files/box-info-1/arrow-right-top.png" alt=""> -->
                                                                <div class="box-icon icon"><i class="fa fa-door-open"></i></div>
                                                                <div class="box-content">
                                                                    <h5>Admissions</h5>
                                                                    <p>Manage all aspects of admissions right from application to class room.</p>
                                                                </div><!-- .box-content end -->
                                                            </div><!-- .box-info end -->                                            
                                                        
                                                        </div><!-- .col-sm-6 end -->
                                                        <div class="col-md-12">
                                                        
                                                            <div class="box-info box-info-1 text-center mb-md-50">
                                                                <!-- <img class="arrow right-top" src="images/files/box-info-1/arrow-right-top.png" alt=""> -->
                                                                <div class="box-icon icon"><i class="fa fa-users"></i></div>
                                                                <div class="box-content">
                                                                    <h5>Human Resource</h5>
                                                                    <p>Manage courses, exams and all aspects of academics in one place.</p>
                                                                </div><!-- .box-content end -->
                                                            </div><!-- .box-info end -->                                            
                                                        
                                                        </div><!-- .col-sm-6 end -->
                                                    </div><!-- .row end -->
                                                                                
                                                </div><!-- .col-md-4 end -->
                                                <div class="col-md-4 col-sm-6">

                                                    <div class="row">
                                                        <div class="col-md-12">

                                                            <div class="box-info box-info-1 text-center mb-50">
                                                                <!-- <img class="arrow right-top" src="images/files/box-info-1/arrow-right-top.png" alt=""> -->
                                                                <div class="box-icon icon"><i class="fa fa-book"></i></div>
                                                                <div class="box-content">
                                                                    <h5>Academics</h5>
                                                                    <p>This should be used to tell your users a story about your service.</p>
                                                                </div><!-- .box-content end -->
                                                            </div><!-- .box-info end -->

                                                        </div><!-- .col-md-12 end -->
                                                        <div class="col-md-12">

                                                            <div class="box-info box-info-1 text-center mb-md-50">
                                                                <!-- <img class="arrow right-top" src="images/files/box-info-1/arrow-right-top.png" alt=""> -->
                                                                <div class="box-icon icon"><i class="fa fa-building"></i></div>
                                                                <div class="box-content">
                                                                    <h5>Facility Management</h5>
                                                                    <p>Manage the school infrastructure right from inventory to maintenance.</p>
                                                                </div><!-- .box-content end -->
                                                            </div><!-- .box-info end -->

                                                        </div><!-- .col-md-12 end -->
                                                    </div><!-- .row end -->
                                                
                                                </div><!-- .col-md-4 end -->
                                                <div class="col-md-4 col-sm-12">

                                                    <div class="row">
                                                        <div class="col-md-12 col-sm-6">

                                                            <div class="box-info box-info-1 text-center mb-50">
                                                                <!-- <img class="arrow right-top" src="images/files/box-info-1/arrow-right-top.png" alt=""> -->
                                                                <div class="box-icon icon"><i class="fa fa-file-invoice-dollar"></i></div>
                                                                <div class="box-content">
                                                                    <h5>Accounting</h5>
                                                                    <p>This should be used to tell your users a story about your service.</p>
                                                                </div><!-- .box-content end -->
                                                            </div><!-- .box-info end -->

                                                        </div><!-- .col-md-12 end -->
                                                        <div class="col-md-12 col-sm-6">

                                                            <div class="box-info box-info-1 text-center">
                                                                <!-- <img class="arrow right-top" src="images/files/box-info-1/arrow-right-top.png" alt=""> -->
                                                                <div class="box-icon icon"><i class="fa fa-chart-pie"></i></div>
                                                                <div class="box-content">
                                                                    <h5>Dashboard</h5>
                                                                    <p>View the schools performance through informative dashboards and reports.</p>
                                                                </div><!-- .box-content end -->
                                                            </div><!-- .box-info end -->

                                                        </div><!-- .col-md-12 end -->
                                                    </div><!-- .row end -->
                                                
                                                </div><!-- .col-md-4 end -->

                                            </div><!-- .col-md-12 end -->
                                        </div><!-- .row end -->
                                    </div><!-- .container end -->

                                </div><!-- .section-content end -->

                            </div><!-- .parallax-section end -->

                            <!-- === CTA Title 1 =========== -->
                            <div id="cta-title-1" class="flat-section">

                                <div class="section-content">

                                    <div class="container">
                                        <div class="row">
                                            <div class="col-md-12 text-center">

                                                
                                                <h1>Get in touch Now! Don’t miss the <span class="colored">Special Offer</span></h1>
                                                <p>
                                                    Register your interest to get access to the Pappaya school ERP. This will be completely free to use for all school staff, students or any other members.
                                                </p>
                                                <a class="btn scroll-to x-large colorful hover-colorful-darken mt-40" href="#main-form">Express Interest Now</a>

                                            </div><!-- .col-md-12 end -->
                                        </div><!-- .row end -->
                                    </div><!-- .container end -->

                                </div><!-- .section-content end -->

                            </div><!-- .flat-section end -->

                        </div><!-- #content-wrap -->

                    </section><!-- #content end -->

                    <!-- Footer
                    ============================================= -->
                    <footer id="footer">

                        <div id="footer-bar-1" class="footer-bar">

                            <div class="footer-bar-wrap">

                                <div class="container">
                                    <div class="row">
                                        <div class="col-md-12">

                                            <div class="fb-row">
                                                <div class="copyrights-message">2021 © <a href="https://pappaya.education/"><span class="colored">Pappaya</span></a>. All Rights Reserved.</div>
                                            </div><!-- .fb-row end -->

                                        </div><!-- .col-md-12 end -->
                                    </div><!-- .row end -->
                                </div><!-- .container end -->

                            </div><!-- .footer-bar-wrap -->

                        </div><!-- #footer-bar-1 end -->

                    </footer><!-- #footer end -->

                </div><!-- #full-container end -->

                <a class="scroll-top-icon scroll-top" href="#"><i class="fa fa-angle-up"></i></a>

                <!-- External JavaScripts
                ============================================= -->
                <script src="/pappayalite_crm/static/src/js/jquery.js"></script>
                <script src="/pappayalite_crm/static/src/js/jRespond.min.js"></script>
                <script src="/pappayalite_crm/static/src/js/jquery.easing.min.js"></script>
                <script src="/pappayalite_crm/static/src/js/jquery.stellar.js"></script>
                <script src="/pappayalite_crm/static/src/js/jquery.validate.min.js"></script>
                <script src="/pappayalite_crm/static/src/js/simple-scrollbar.min.js"></script>
                <!-- <script src="https://cdnimages.myclassboard.com/material-assets/js/sweetalert.min.js"></script> -->
                <script src='https://www.google.com/recaptcha/api.js'></script>
                <script src='https://cdnjs.cloudflare.com/ajax/libs/intl-tel-input/6.4.1/js/intlTelInput.min.js'></script>
                <script src="https://maps.googleapis.com/maps/api/js?key=AIzaSyB-q6VCcrS7or3ounmrOddvPCHpJQpJZ6M&amp;libraries=places"></script>
                <script src="/pappayalite_crm/static/src/js/functions.js" />
                <!-- <script src='/pappayalite_crm/static/src/js/validation.js'></script> -->
            </div>
         </t>
      </template>

      <template id="pappaya_sucess_page" name="Sucess Page">
         <t t-call="web.layout">
            <link rel="stylesheet" href="https://stackpath.bootstrapcdn.com/bootstrap/4.3.1/css/bootstrap.min.css" integrity="sha384-ggOyR0iXCbMQv3Xipma34MD+dH/1fQ784/j6cY/iJTQUOhcWr7x9JvoRxT2MZw1T" crossorigin="anonymous" />
            <link rel="stylesheet" href="/pappayalite_backend/static/src/css/style.css"/>
           
            <!-- Favicon
            ============================================= -->
            <link rel="shortcut icon" href="/pappayalite_backend/static/src/img/general-elements/favicon/favicon.png" />
            <div class="layout-2">

            <div id="scroll-progress"><div class="scroll-progress"><span class="scroll-percent"></span></div></div>

            <!-- Document Full Container
            ============================================= -->
            <div id="full-container">
                <div class="col-md-12 text-center">
                    <div class="success-msg">
                        <img class="banner-logo d-block mx-auto h1" src="/pappayalite_backend/static/src/img/files/logo-header.png" width="250" alt="Pappaya Logo"/>
                        <div class="success-checkmark">
                            <div class="check-icon">
                                <span class="icon-line line-tip"></span>
                                <span class="icon-line line-long"></span>
                                <div class="icon-circle"></div>
                                <div class="icon-fix"></div>
                            </div>
                        </div>
                        <form name="myForm2" action="/registration" id="nis_reg_back_page_id" method="post">
                        <input type="hidden" name="csrf_token" t-att-value="request.csrf_token()" />
                        <div style="text-align:center;">
                            <h1>Thank you!!</h1>
                            <p>Your email has been verified.</p>
                            <p>We are processing your request. We will send your login credentials via email within the next few minutes.</p>
                            <p><span id="timer"></span></p>
                        </div>
                        <br /><br /><br /><br />
                        <div class="col-md-12 text-center">
                            <input class=" btn btn-primary submit_btn mx-auto" type="submit" value="Goto Home page"/>
                        </div>
                    </form>
                    </div><!-- .box-form end -->
                
                </div><!-- .col-md-6 end -->

            </div><!-- #full-container end -->
        </div>
         </t>
      </template>

<!--       Registration validation message screen-->
         <template id="pappaya_registration_validation" name="Sucess Page">
         <t t-call="web.layout">
            <link rel="stylesheet" href="https://stackpath.bootstrapcdn.com/bootstrap/4.3.1/css/bootstrap.min.css" integrity="sha384-ggOyR0iXCbMQv3Xipma34MD+dH/1fQ784/j6cY/iJTQUOhcWr7x9JvoRxT2MZw1T" crossorigin="anonymous" />
            <link rel="stylesheet" href="/pappayalite_backend/static/src/css/style.css"/>

            <!-- Favicon
            ============================================= -->
            <link rel="shortcut icon" href="/pappayalite_backend/static/src/img/general-elements/favicon/favicon.png" />
            <div class="layout-2">

            <div id="scroll-progress"><div class="scroll-progress"><span class="scroll-percent"></span></div></div>

            <!-- Document Full Container
            ============================================= -->
            <div id="full-container">
                <div class="col-md-12 text-center">
                    <div class="success-msg">
                        <img class="banner-logo d-block mx-auto h1" src="/pappayalite_backend/static/src/img/files/logo-header.png" width="250" alt="Pappaya Logo"/>
                    <div>
                        <h2> <b><span id="name_id" class="name" t-esc="errorMail" /></b></h2>
                        <h2> <b><span id="name_id" class="name" t-esc="errorPhone" /></b></h2>
                        <a href="javascript:history.back()">Go Back</a>
<!--                        <a href="/advertiser_registration">BACK</a>-->
                    </div>
                    </div><!-- .box-form end -->

                </div><!-- .col-md-6 end -->

            </div><!-- #full-container end -->
        </div>
         </t>
      </template>

    </data>
</odoo>
