<?xml version="1.0" encoding="utf-8"?>
<odoo>
    <data>
        <record model="ir.cron" id="cron_check_tenant_status">
            <field name='name'>Check Build Status</field>
            <field name='interval_number'>1</field>
            <field name='interval_type'>minutes</field>
            <field name="numbercall">-1</field>
            <field name="active">True</field>
            <field name="doall" eval="False"/>
            <field name="model_id" ref="pappayalite_backend.model_pappayalite_tenant_build"/>
            <field name="state">code</field>
            <field name="code">model.check_tenant_build_status()</field>
        </record>

        <record model="ir.cron" id="cron_check_tenant_build_field_status">
            <field name='name'>Check Field Status</field>
            <field name='interval_number'>1</field>
            <field name='interval_type'>minutes</field>
            <field name="numbercall">-1</field>
            <field name="active">True</field>
            <field name="doall" eval="False"/>
            <field name="model_id" ref="pappayalite_backend.model_pappayalite_tenant_build"/>
            <field name="state">code</field>
            <field name="code">model.check_tenant_fields_status()</field>
        </record>

        <record model="ir.cron" id="cron_check_tenant_build_failed_status">
            <field name='name'>Check Failed Status</field>
            <field name='interval_number'>1</field>
            <field name='interval_type'>hours</field>
            <field name="numbercall">-1</field>
            <field name="active">True</field>
            <field name="doall" eval="False"/>
            <field name="model_id" ref="pappayalite_backend.model_pappayalite_tenant_build"/>
            <field name="state">code</field>
            <field name="code">model.check_tenant_failed_status()</field>
        </record>

        <record id="sequence_pappayalite_school" model="ir.sequence">
            <field name="name">PappayaLite School sequence</field>
            <field name="code">pappayalite.registration</field>
            <field name="active">True</field>
            <field name="prefix">PL</field>
            <field name="number_next">1</field>
            <field name="number_increment">1</field>
            <field name="padding">4</field>
            <field name="implementation">standard</field>
        </record>

    </data>
</odoo>
