<?xml version="1.0" encoding="utf-8"?>
<odoo>
    <data>
        <record id="pappaya_email_template_check_build_status" model="mail.template">
            <field name="name"> Tenant - Check Build Status </field>
            <field name="email_from">support@pappayalite.com</field>
            <field name="email_to">${object.registration_id.email}</field>
            <field name="email_cc">${object.odoo_username}</field>
            <field name="subject"> Pappaya ERP for ${object.build_name}</field>
            <field name="model_id" ref="pappayalite_backend.model_pappayalite_tenant_build"/>
            <field name="auto_delete" eval="False"/>
            <field name="body_html"><![CDATA[
		        <body>
		            <div style="font-family: 'Franklin Gothic Medium', 'Arial Narrow', Arial, sans-serif; width: 80%; display: block; text-align: center; margin: 30px auto; padding: 15px; background-color: #f4f4f4;border: 1px solid #ccc; box-shadow: 0 0 10px -3px #ccc;">
		                <img src="https://pappaya.education/nisa/images/files/logo-header.png" alt="Pappaya Logo" width="180" />
		                <div style="padding: 5px; margin: 15px 5px; background: #f4f4f4; border: 1px solid #ccc; box-shadow: 0 0 10px -3px #ccc;">
		                    <div style="padding: 15px; margin: 5px; background-color: #fff;">
		                        <h2 style="font-weight: normal">Hi <span style="font-weight: 600">${object.build_name}</span></h2>
		
		                        <h3 style="font-weight: normal">Thank you for Registration with Pappaya</h3>
		                        <span style="width: 80px; height: 2px; background-color: #d35512; margin: 30px auto; display: block;"></span>
		                        <p>Please find your Credentials below</p>
		                        <center>
		                            <ul style="text-align: left; width: 45%; list-style: none; padding: 15px; background-color: #f4fff7; border: 2px dashed #41ae61">
		                                <li style="margin-bottom: 15px;">URL : <a style="font-weight: 600" href="${object.build_domain}">${object.build_domain}</a></li>
		                                <li style="margin-bottom: 15px;">Username : <span style="font-weight: 600"> schooladmin </span></li>
		                                <li style="margin-bottom: 15px;font-size: 10px;"><span>Note :- Password will be Pappaya. It will takes 30 mintues to prepare your Instance</span></li>
		                            </ul>
		
		                        </center>
		                    </div>
		                </div>
		                <p>
		                    <h3 style="font-size: 12px;">Contact Us</h3>
		                    <span>Phone Number: 044-132123123</span>
		                    <span>Email: support@pappaya.com</span>
		                </p>
		                <hr/>
		                <p style="font-size: 12px">© 2021 Pappaya Ltd.  21 Wood Thorpe Road, Ashford Middlesex, TW15 2RP</p>
		                <p style="font-size: 9px; text-align: left;"><strong>Confidentiality:</strong> This e-mail and its attachments are intended for the above named only and may be confidential.  If they have come to you in error you should take no action based on them, nor should you copy or show them to anyone; please reply to this e-mail highlighting the error.</p>
		                <p style="font-size: 9px; text-align: left;"><strong>Security Warning:</strong> Please note that this e-mail has been created in the knowledge that Internet e-mail is not a totally secure communications medium. Please understand and observe this lack of security when e-mailing us.</p>
		                <p style="font-size: 9px; text-align: left;"><strong>Viruses:</strong> We have taken steps to ensure that this e-mail and attachments are free from any virus. We suggest however, that in keeping with good computing practice, the recipient should ensure they are actually virus free.</p>
		            </div>
		        </body>
            ]]>
            </field>
        </record>

        <record id="pappaya_email_template_check_build_failed_status" model="mail.template">
            <field name="name"> Tenant - Check Build Failed Status </field>
            <field name="email_from">noreply@pappayalite.com</field>
            <field name="email_to">support@pappayalite.com</field>
            <field name="subject"> Build Failed for ${object.build_name}</field>
            <field name="model_id" ref="pappayalite_backend.model_pappayalite_tenant_build"/>
            <field name="auto_delete" eval="False"/>
            <field name="body_html"><![CDATA[
		        <body>
		        	<div style="font-family: 'Franklin Gothic Medium', 'Arial Narrow', Arial, sans-serif; width: 80%; display: block; margin: 30px auto; padding: 15px; background-color: #f4f4f4;border: 1px solid #ccc; box-shadow: 0 0 10px -3px #ccc;">
                    <center><img src="https://pappaya.education/nisa/images/files/logo-header.png" alt="Pappaya Logo" width="180"/> </center><br />
                    <div style="padding: 15px; margin: 5px; background-color: #fff;">
	                    <h1 style="font-size:20px;text-align: center;"><strong><b>Build Failed</b></strong></h1>
	                	<br></br>
	                	<h3 style="font-weight: normal"><span style="font-weight: 300; font-color:#e2e2e2;">Build Name: ${object.build_name}</span></h3>
	                	<h3 style="font-weight: normal"><span style="font-weight: 300; font-color:#e2e2e2;">Build Domain: ${object.build_domain}</span></h3>
	                </div>
                    </div>
		        </body>
            ]]>
            </field>
        </record>
    </data>
</odoo>
