id,name,model_id:id,group_id:id,perm_read,perm_write,perm_create,perm_unlink
access_pappayalite_crm,pappayalite.crm,crm.model_crm_lead,base.group_erp_manager,1,1,1,1
access_pappayalite_crm,pappayalite.crm,crm.model_crm_lead,pappayalite_crm.pappaya_group_m__team,1,1,1,1

access_res_partner,res.partner,base.model_res_partner,,1,1,1,0
access_ad_verification,ad.verification,model_ad_verification,,1,1,1,0
access_crm_lead_wizard,crm.lead.wizard,model_crm_lead_wizard,,1,1,1,1
access_pappaya_flights,crm.pappaya_flights,model_pappaya_flights,,1,1,1,1
access_flight_ads_wizard,crm.flight_ads_wizard,model_flight_ads_wizard,,1,1,1,1