<?xml version="1.0" encoding="utf-8"?>
<odoo>
    <data>
        <record model="ir.module.category" id="module_pappayalite_crm_details">
             <field name="name">Other Access</field>
             <field name="description">User access pappaya crm</field>
             <field name="sequence">15</field>
        </record>
        
        <record id="pappaya_l1_team" model="res.groups">
            <field name="name"> Virtual Assistant - L1 Team</field>
            <field name="category_id" ref="module_pappayalite_crm_details"/>
        </record>
        <record id="pappaya_finance_team" model="res.groups">
            <field name="name">Accounts Executive - Finance Team</field>
            <field name="category_id" ref="module_pappayalite_crm_details"/>
        </record>
        <record id="pappaya_group_m__team" model="res.groups">
            <field name="name">Customer - Group M</field>
            <field name="category_id" ref="module_pappayalite_crm_details"/>
        </record>
    </data>
</odoo>
