<?xml version="1.0" encoding="utf-8"?>
<odoo>
    <!-- Top menu item -->
    <menuitem id="base.menu_board_root" name="Dashboards" sequence="-5" web_icon="base,static/description/board.png" groups="base.group_user" />

    <!-- Shows the menu for admin -->
    <menuitem id="crm.crm_menu_sales" name="Sales" groups="base.group_erp_manager" parent="crm.crm_menu_root" sequence="1"/>
    
    <!-- <menuitem id="base.menu_board_root" name="Dashboards" sequence="-5" web_icon="base,static/description/board.png" groups="base.group_user"
        action="crm.action_your_pipeline"/> -->

    <data noupdate="1">
        <!-- Default Stages Delete -->
        <delete model="crm.stage" search="[('id','=', ref('crm.stage_lead1'))]"/>
        <delete model="crm.stage" search="[('id','=', ref('crm.stage_lead2'))]"/>
        <delete model="crm.stage" search="[('id','=', ref('crm.stage_lead3'))]"/>
        <delete model="crm.stage" search="[('id','=', ref('crm.stage_lead4'))]"/>
        <!-- Discuss Menu Delete -->
        <delete model="ir.ui.menu" search="[('id','=', ref('mail.menu_root_discuss'))]"/>
        <!-- Calender Menu Delete -->
        <delete model="ir.ui.menu" search="[('id','=', ref('calendar.mail_menu_calendar'))]"/>
    </data>

    <!-- Link Tracker Menu Show only for Admin  -->
    <record model="ir.ui.menu" id="utm.menu_link_tracker_root">
        <field name="groups_id" eval="[(6,0,[ref('base.group_erp_manager')])]"/>
    </record>
    
    <!-- CRM Menu -->
    <record model="ir.ui.menu" id="crm.crm_menu_root">
        <field name="groups_id" eval="[(6,0,[ref('base.group_erp_manager'),ref('pappayalite_crm.pappaya_group_m__team')])]"/>
    </record>

    <!-- Contacts Menu Show only for Admin  -->
    <record model="ir.ui.menu" id="contacts.menu_contacts">
        <field name="groups_id" eval="[(6,0,[ref('base.group_erp_manager')])]"/>
    </record>
    <!-- CRM Leads Show only for Admin  -->
    <!-- <record model="ir.ui.menu" id="crm.crm_menu_leads">
        <field name="groups_id" eval="[(6,0,[ref('base.group_erp_manager')])]"/>
    </record> -->

    <!-- <data noupdate="1">
        <record model="crm.stage" id="crm_stage_lead_one">
            <field name="name">Lead Stage</field>
            <field name="sequence">1</field>
        </record>
        <record model="crm.stage" id="crm_stage_lead_two">
            <field name="name">Waiting for Approval Stage</field>
            <field name="sequence">2</field>
        </record>
        <record model="crm.stage" id="crm_stage_lead_three">
            <field name="name">Agreed Stage</field>
            <field name="fold" eval="False" />
            <field name="is_won">True</field>
            <field name="sequence">70</field>
        </record>
    </data> -->
</odoo>
